{"cameraMode":{"drawMode":0,"name":"Shaded","section":"Shading Mode"},"sceneLighting":true,"audioPlay":false,"sceneViewState":{"m_AlwaysRefresh":false,"showFog":true,"showSkybox":true,"showFlares":true,"showImageEffects":true,"showParticleSystems":true,"showVisualEffectGraphs":true,"m_FxEnabled":true},"in2DMode":false,"pivot":{"x":-3.285623073577881,"y":5.086970806121826,"z":-14.556577682495118},"rotation":{"x":-0.00809978786855936,"y":0.01949845626950264,"z":0.00016047240933403373,"w":0.9997832179069519},"size":1.6650182008743287,"orthographic":false}